,,,,,,,
School,Common Name,Teams,Location,State,Type,Division,D-I Sports
Adelphi University,Adelphi,Panthers,Garden City,NY,Private,II,1
Adrian College,Adrian,Bulldogs,Adrian,MI,Private,III,1
Alma College,Alma,Scots,Alma,MI,Private,III,1
American International College,American International,Yellow Jackets,Springfield,MA,Private,II,2
Assumption University,Assumption,Greyhounds,Worcester,MA,Private,II,1
Augusta University,Augusta,Jaguars,Augusta,GA,Public,II,2
Augustana College,Augustana,Vikings,Rock Island,IL,Private,III,3
Augustana University,Augustana (South Dakota),Vikings,Sioux Falls,SD,Private,II,1
Aurora University,Aurora,Spartans,Aurora,IL,Private,III,1
Austin College,Austin,Kangaroos,Sherman,TX,Private,III,2
Azusa Pacific University,Azusa Pacific,Cougars,Azusa,CA,Private,II,1
Babson College,Babson,Beavers,Wellesley,MA,Private,III,1
Barton College,Barton,Bulldogs,Wilson,NC,Private,II,1
Bates College,Bates,Bobcats,Lewiston,ME,Private,III,1
Belmont Abbey College,Belmont Abbey,Crusaders,Belmont,NC,Private,II,2
Bemidji State University,Bemidji State,Beavers,Bemidji,MN,Public,II,2
Benedict College,Benedict,Tigers,Columbia,SC,Private,II,1
Bentley University,Bentley,Falcons,Waltham,MA,Private,II,1
Biola University,Biola,Eagles,La Mirada,CA,Private,II,2
Bloomfield College,Bloomfield,Bears,Bloomfield,NJ,Private,II,1
Bloomsburg University of Pennsylvania,Bloomsburg,Huskies,Bloomsburg,PA,Public,II,1
Bowdoin College,Bowdoin,Polar Bears,Brunswick,ME,Private,III,1
Bowie State University,Bowie State,Bulldogs,Bowie,MD,Public,II,1
Brandeis University,Brandeis,Judges,Waltham,MA,Private,III,1
Caldwell University,Caldwell,Cougars,Caldwell,NJ,Private,II,1
California Institute of Technology,Caltech,Beavers,Pasadena,CA,Private,III,3
California Lutheran University,Cal Lutheran,Kingsmen,Thousand Oaks,CA,Private,III,2
"California State University, East Bay",Cal State East Bay,Pioneers,Hayward,CA,Public,II,1
"California State University, Los Angeles",Cal State Los Angeles,Golden Eagles,Los Angeles,CA,Public,II,1
"California State University, Monterey Bay",Cal State Monterey Bay,Otters,Seaside,CA,Public,II,1
Carson–Newman University,Carson–Newman,Eagles,Jefferson City,TN,Private,II,1
Carthage College,Carthage,Firebirds,Kenosha,WI,Private,III,1
Castleton University,Castleton,Spartans,Castleton,VT,Public,III,1
Catawba College,Catawba,Indians,Salisbury,NC,Private,II,1
Centenary College of Louisiana,Centenary,Gentlemen,Shreveport,LA,Private,III,1
Central State University,Central State,Marauders,Wilberforce,OH,Public,II,1
Chapman University,Chapman,Panthers,Orange,CA,Private,III,2
Chestnut Hill College,Chestnut Hill,Griffins,Philadelphia,PA,Private,II,1
Chowan University,Chowan,Hawks,Murfreesboro,NC,Private,II,1
City College of the City University of New York,CCNY,Beavers,New York,NY,Public,III,2
"Claremont McKenna College, Harvey Mudd College and Scripps College",Claremont-Mudd-Scripps,Stags,Claremont,CA,Private,III,2
Clarkson University,Clarkson,Golden Knights,Potsdam,NY,Private,III,1
Coker University,Coker,Cobras,Hartsville,SC,Private,II,1
Colby–Sawyer College,Colby–Sawyer,Chargers,New London,NH,Private,III,1
Colby College,Colby,Mules,Waterville,ME,Private,III,1
Colorado College,Colorado College,Tigers,Colorado Springs,CO,Private,III,2
Colorado Mesa University,Colorado Mesa,Mavericks,Grand Junction,CO,Public,II,1
Concordia University Irvine,Concordia,Eagles,Irvine,CA,Private,II,4
Connecticut College,Connecticut College,Camels,New London,CT,Private,III,2
D'Youville University,D'Youville,Saints,Buffalo,NY,Private,II,1
Daemen University,Daemen,Wildcats,Amherst,NY,Private,II,2
Dallas Baptist University,Dallas Baptist,Patriots,Dallas,TX,Private,II,1
Delaware Valley University,Delaware Valley,Aggies,Doylestown,PA,Private,III,1
Drew University,Drew,Rangers,Madison,NJ,Private,III,2
Drury University,Drury,Panthers,Springfield,MO,Private,II,1
Eckerd College,Eckerd,Tritons,Saint Petersburg,FL,Private,II,1
Edward Waters University,Edward Waters,Tigers,Jacksonville,FL,Private,II,1
Elizabeth City State University,Elizabeth City State,Vikings,Elizabeth City,NC,Public,II,1
Elmhurst University,Elmhurst,Bluejays,Elmhurst,IL,Private,III,1
Emmanuel College,Emmanuel,Lions,Franklin Springs,GA,Private,II,2
Erskine College,Erskine,Flying Fleet,Due West,SC,Private,II,2
Fayetteville State University,Fayetteville State,Broncos,Fayetteville,NC,Public,II,1
Felician University,Felician,Golden Falcons,Rutherford,NJ,Private,II,1
Ferris State University,Ferris State,Bulldogs,Big Rapids,MI,Public,II,1
Florida Southern College,Florida Southern,Moccasins,Lakeland,FL,Private,II,1
Fort Valley State University,Fort Valley State,Wildcats,Fort Valley,GA,Public,II,1
Francis Marion University,Francis Marion,Patriots,Florence,SC,Public,II,1
Franklin & Marshall College,Franklin & Marshall,Diplomats,Lancaster,PA,Private,III,1
Franklin Pierce University,Franklin Pierce,Ravens,Rindge,NH,Private,II,2
Fresno Pacific University,Fresno Pacific,Sunbirds,Fresno,CA,Private,II,2
Gannon University,Gannon,Golden Knights,Erie,PA,Private,II,2
Grove City College,Grove City,Wolverines,Grove City,PA,Private,III,1
Gustavus Adolphus College,Gustavus Adolphus,Golden Gusties,Saint Peter,MN,Private,III,2
Hamline University,Hamline,Pipers,Saint Paul,MN,Private,III,1
Haverford College,Haverford,Fords,Haverford,PA,Private,III,2
Hilbert College,Hilbert,Hawks,Hamburg,NY,Private,III,1
Hobart and William Smith Colleges,Hobart,Statesmen,Geneva,NY,Private,III,1
Hunter College,Hunter,Hawks,New York,NY,Public,III,2
Huntingdon College,Huntingdon,Hawks,Montgomery,AL,Private,III,1
Illinois Wesleyan University,Illinois Wesleyan,Titans,Bloomington,IL,Private,III,1
Ithaca College,Ithaca,Bombers,Ithaca,NY,Private,III,1
John Jay College of Criminal Justice,John Jay,Bloodhounds,New York,NY,Public,III,1
Johns Hopkins University,Johns Hopkins,Blue Jays,Baltimore,MD,Private,III,5
Johnson C. Smith University,Johnson C. Smith,Golden Bulls,Charlotte,NC,Private,II,1
Kentucky State University,Kentucky State,Thorobreds,Frankfort,KY,Public,II,1
Kentucky Wesleyan College,Kentucky Wesleyan,Panthers,Owensboro,KY,Private,II,1
King University,King,Tornado,Bristol,TN,Private,II,1
Kutztown University of Pennsylvania,Kutztown,Golden Bears,Kutztown,PA,Public,II,1
Lakeland University,Lakeland,Muskies,Plymouth,WI,Private,III,1
Lake Superior State University,Lake Superior State,Lakers,Sault Sainte Marie,MI,Public,II,1
Lawrence University,Lawrence,Vikings,Appleton,WI,Private,III,1
Lees–McRae College,Lees–McRae,Bobcats,Banner Elk,NC,Private,II,1
Lewis University,Lewis,Flyers,Romeoville,IL,Private,II,2
Limestone University,Limestone,Saints,Gaffney,SC,Private,II,1
Lincoln Memorial University,Lincoln Memorial,Railsplitters,Harrogate,TN,Private,II,3
Livingstone College,Livingstone,Blue Bears,Salisbury,NC,Private,II,1
Lock Haven University of Pennsylvania,Lock Haven,Bald Eagles,Lock Haven,PA,Public,II,2
Macalester College,Macalester,Scots,Saint Paul,MN,Private,III,1
Marian University,Marian,Sabres,Fond du Lac,WI,Private,III,1
Maryville University of Saint Louis,Maryville,Saints,Town and Country,MO,Private,II,2
Massachusetts Institute of Technology,MIT,Engineers,Cambridge,MA,Private,III,4
Massachusetts Maritime Academy,Mass Maritime,Buccaneers,Buzzards Bay,MA,Public,III,1
McKendree University,McKendree,Bearcats,Lebanon,IL,Private,II,5
Medaille College,Medaille,Mavericks,Buffalo,NY,Private,III,1
Mercyhurst University,Mercyhurst,Lakers,Erie,PA,Private,II,5
Michigan Technological University,Michigan Tech,Huskies,Houghton,MI,Public,II,2
Middlebury College,Middlebury,Panthers,Middlebury,VT,Private,III,1
"Minnesota State University, Mankato",Minnesota State,Mavericks,Mankato,MN,Public,II,2
Missouri University of Science and Technology,Missouri S&T,Miners,Rolla,MO,Public,II,1
Molloy University,Molloy,Lions,Rockville Centre,NY,Private,II,1
Morehouse College,Morehouse,Maroon Tigers,Atlanta,GA,Private,II,1
Mount Aloysius College,Mount Aloysius,Mounties,Cresson,PA,Private,III,1
New Jersey City University,NJCU,Gothic Knights,Jersey City,NJ,Public,III,1
New York University,NYU,Violets,New York,NY,Private,III,1
North Central College,North Central,Cardinals,Naperville,IL,Private,III,1
Northern Michigan University,Northern Michigan,Wildcats,Marquette,MI,Public,II,2
North Greenville University,North Greenville,Crusaders,Tigerville,SC,Private,II,1
Occidental College,Occidental,Tigers,Los Angeles,CA,Private,III,2
Oklahoma Christian University,Oklahoma Christian,Eagles,Oklahoma City,OK,Private,II,1
Palm Beach Atlantic University,Palm Beach Atlantic,Sailfish,West Palm Beach,FL,Private,II,1
Pennsylvania State University Altoona,Penn State Altoona,Nittany Lions,Altoona,PA,Public,III,1
"Pennsylvania State University Erie, The Behrend College",Penn State Erie,Lions,Erie,PA,Public,III,3
Pennsylvania Western University Clarion,Clarion,Golden Eagles,Clarion,PA,Public,II,1
Pennsylvania Western University Edinboro,Edinboro,Fighting Scots,Edinboro,PA,Public,II,1
Pomona College and Pitzer College,Pomona-Pitzer,Sagehens,Claremont,CA,Private,III,2
Plymouth State University,Plymouth State,Panthers,Plymouth,NH,Public,III,1
Post University,Post,Eagles,Waterbury,CT,Private,II,2
Principia College,Principia,Panthers,Elsah,IL,Private,III,1
"Queens College, City University of New York",Queens (New York),Knights,New York,NY,Public,II,2
Quincy University,Quincy,Hawks,Quincy,IL,Private,II,2
Rensselaer Polytechnic Institute,RPI,Engineers,Troy,NY,Private,III,2
Rhode Island College,Rhode Island College,Anchormen,Providence,RI,Public,III,1
Roberts Wesleyan University,Roberts Wesleyan,Redhawks,North Chili,NY,Private,II,1
Rochester Institute of Technology,RIT,Tigers,Henrietta,NY,Private,III,2
Rose–Hulman Institute of Technology,RHIT,Fightin' Engineers,Terre Haute,IN,Private,III,1
Saint Anselm College,Saint Anselm,Hawks,Goffstown,NH,Private,II,2
Saint Augustine's University,St. Augustine's,Falcons,Raleigh,NC,Private,II,1
Saint Cloud State University,St. Cloud State,Huskies,Saint Cloud,MN,Public,II,3
Saint Lawrence University,St. Lawrence,Saints,Canton,NY,Private,III,3
Saint Leo University,Saint Leo,Lions,Saint Leo,FL,Private,II,1
Saint Michael's College,Saint Michael's,Purple Knights,Colchester,VT,Private,II,2
Saint Olaf College,St. Olaf,Oles,Northfield,MN,Private,III,1
Saint Thomas Aquinas College,St. Thomas Aquinas,Spartans,Sparkill,NY,Private,II,1
Saint Vincent College,Saint Vincent,Bearcats,Unity,PA,Private,III,1
Salem University,Salem,Tigers,Salem,WV,Private,II,2
Shaw University,Shaw,Bears,Raleigh,NC,Private,II,1
Simpson College,Simpson,Storm,Indianola,IA,Private,III,2
Smith College,Smith,Pioneers,Northampton,MA,Private,III,1
Southern Connecticut State University,Southern Connecticut,Owls,New Haven,CT,Public,II,1
Southern New Hampshire University,SNHU,Penmen,Manchester,NH,Private,II,1
Springfield College,Springfield,Pride,Springfield,MA,Private,III,2
Spring Hill College,Spring Hill,Badgers,Mobile,AL,Private,II,1
State University of New York College at Brockport,Brockport,Golden Eagles,Brockport,NY,Public,III,1
State University of New York College at Cortland,Cortland,Red Dragons,Cortland,NY,Public,III,1
State University of New York Maritime College,Maritime,Privateers,New York,NY,Public,III,1
Stevens Institute of Technology,Stevens,Ducks,Hoboken,NJ,Private,III,2
Stevenson University,Stevenson,Mustangs,Owings Mills,MD,Private,III,1
Texas A&M University–Kingsville,Texas A&M–Kingsville,Javelinas,Kingsville,TX,Public,II,1
Texas Woman's University,Texas Woman's,Pioneers,Denton,TX,Public,II,1
Thomas More University,Thomas More,Saints,Crestview Hills,KY,Private,II,1
The College of Saint Scholastica,St. Scholastica,Saints,Duluth,MN,Private,III,1
The University of Maine at Presque Isle,UMPI,Owls,Presque Isle,ME,Public,III,1
The University of Tampa,Tampa,Spartans,Tampa,FL,Private,II,1
Tufts University,Tufts,Jumbos,Medford,MA,Private,III,1
Tusculum University,Tusculum,Pioneers,Tusculum,TN,Private,II,2
Union College,Union College,Garnet Chargers,Schenectady,NY,Private,III,2
United States Coast Guard Academy,Coast Guard,Bears,New London,CT,Federal,III,1
University of Alaska Anchorage,Alaska Anchorage,Seawolves,Anchorage,AK,Public,II,1
University of Alaska Fairbanks,Alaska,Nanooks,Fairbanks,AK,Public,II,3
University of Bridgeport,Bridgeport,Purple Knights,Bridgeport,CT,Private,II,1
University of Central Missouri,Central Missouri,Mules,Warrensburg,MO,Public,II,1
University of Charleston,Charleston (West Virginia),Golden Eagles,Charleston,WV,Private,II,1
University of La Verne,La Verne,Leopards,La Verne,CA,Private,III,2
University of Minnesota Duluth,Minnesota Duluth,Bulldogs,Duluth,MN,Public,II,2
University of Mount Olive,Mount Olive,Trojans,Mount Olive,NC,Private,II,1
University of North Georgia,North Georgia,Nighthawks,Dahlonega,GA,Public,II,1
University of Pittsburgh at Bradford,Pitt–Bradford,Panthers,Bradford,PA,Public,III,1
University of Redlands,Redlands,Bulldogs,Redlands,CA,Private,III,2
University of Wisconsin–Eau Claire,Wisconsin–Eau Claire,Blugolds,Eau Claire,WI,Public,III,1
University of Wisconsin–La Crosse,Wisconsin–La Crosse,Eagles,La Crosse,WI,Public,III,1
University of Wisconsin–Oshkosh,Wisconsin–Oshkosh,Titans,Oshkosh,WI,Public,III,1
University of Wisconsin–Stout,Wisconsin–Stout,Blue Devils,Menomonie,WI,Public,III,1
University of Wisconsin–Whitewater,Wisconsin–Whitewater,Warhawks,Whitewater,WI,Public,III,2
Upper Iowa University,Upper Iowa,Peacocks,Fayette,IA,Private,II,1
Ursinus College,Ursinus,Bears,Collegeville,PA,Private,III,1
Ursuline College,Ursuline,Arrows,Pepper Pike,OH,Private,II,1
Utica University,Utica,Pioneers,Utica,NY,Private,III,1
Vassar College,Vassar,Brewers,Poughkeepsie,NY,Private,III,1
Virginia State University,Virginia State,Trojans,Ettrick,VA,Public,II,1
Virginia Union University,Virginia Union,Panthers,Richmond,VA,Private,II,1
Walsh University,Walsh,Cavaliers,North Canton,OH,Private,II,1
Washington & Jefferson College,Washington & Jefferson,Presidents,Washington,PA,Private,III,2
Wayne State College,Wayne State (Nebraska),Wildcats,Wayne,NE,Public,II,1
Wayne State University,Wayne State (Michigan),Warriors,Detroit,MI,Public,II,1
Wellesley College,Wellesley,Blue,Wellesley,MA,Private,III,2
West Chester University of Pennsylvania,West Chester,Golden Rams,West Chester,PA,Public,II,1
Westminster University,Westminster,Griffins,Salt Lake City,UT,Private,II,1
Whittier College,Whittier,Poets,Whittier,CA,Private,III,2
Williams College,Williams,Ephs,Williamstown,MA,Private,III,1
Wilmington University,Wilmington,Wildcats,New Castle,DE,Private,II,1
Wilson College,Wilson,Phoenix,Chambersburg,PA,Private,III,1
Winona State University,Winona State,Warriors,Winona,MN,Public,II,1
Wittenberg University,Wittenberg,Tigers,Springfield,OH,Private,III,1
Yeshiva University,Yeshiva,Maccabees,New York,NY,Private,III,2
